dt,title,href,newstxt
2015-01-19 18:20:00,Global protests against Charlie Hebdo magazine cover - CNN Video,http://www.cnn.com/videos/world/2015/01/19/erin-pkg-lah-charlie-hebdo-protests.cnn,"The Islamic world protests Charlie Hebdo's first cover, post-terrorist attack. CNN's Kyung Lah reports."
2015-01-26 19:47:00,NYC blizzard in slow motion - CNN Video,http://www.cnn.com/videos/us/2015/01/27/orig-nyc-blizzard-2015-in-slo-motion-times-square.cnn,"Ahead of what could be a historic blizzard in the Northeast, people in Times Square still find time to slip and take 'selfies' in the winter weather."
2015-01-21 16:36:00,Classified UFO documents released  - CNN Video,http://www.cnn.com/videos/us/2015/01/21/ufo-documents-project-blue-book-crane-orig-mg.cnn,"Nearly 130,000 pages of declassified Air Force files on UFO investigations and sightings are now available in one place online. UFO enthusiast John Greenewald compiled a database called the Project Blue Book Collection, containing nearly every declassified document from the Blue Book project."
2015-02-02 20:22:00,Pediatrician refuses families who refuse to vaccinate - CNN Video,http://www.cnn.com/videos/tv/2015/02/03/exp-erin-dnt-simon-should-parents-be-allowed-to-refuse-vaccine-for-kids.cnn,A California doctor is taking a hard stance -- refusing families who refuse to vaccinate. CNN's Dan Simon reports.
2015-02-04 18:40:00,Dog jumps into icy lake at JUST the right spot - CNN Video,http://www.cnn.com/videos/us/2015/02/04/erin-pkg-moos-ice-lake-dog-rescue.cnn,Watch dog get rescued from icy Lake Michigan. Jeanne Moos reports this lab's tricks include opening the garage door!
2015-02-04 18:40:00,Dog jumps into icy lake at JUST the right spot - CNN Video,http://www.cnn.com/videos/us/2015/02/04/erin-pkg-moos-ice-lake-dog-rescue.cnn,Watch dog get rescued from icy Lake Michigan. Jeanne Moos reports this lab's tricks include opening the garage door!
2015-02-08 15:26:00,Meet Jordan's royal power couple - CNN Video,http://www.cnn.com/videos/world/2015/02/08/pkg-shubert-orig-king-and-queen-of-jordan.cnn,Who are King Abdullah II and Queen Rania of Jordan? CNN's Atika Shubert has the answers.
2015-02-12 16:59:00,Hostage's boyfriend tried to rescue her - CNN Video,http://www.cnn.com/videos/us/2015/02/12/lead-dnt-brown-white-house-mueller.cnn,CNN's Pamela Brown reports on multiple unsuccessful attempts to rescue ISIS hostage Kayla Mueller. 
2015-02-14 12:03:00,"Witness: Heard gunshots, person yelling in Arabic - CNN Video",http://www.cnn.com/videos/world/2015/02/14/nr-denmark-shooting-witness-heard-gunshots-person-yelling-arabic.cnn,A witness to the shooting in Denmark says he heard multiple gunshots and a person yelling in Arabic.
2015-02-26 17:17:00,The best moments of Spock  - CNN Video,http://www.cnn.com/videos/tv/2015/02/26/best-moments-of-spock-tss-orig.cnn,"See Leonard Nimoy is his most memorable moments as Spock, from the first time he appeared on screen to the moment he first showed any emotion."
2015-03-03 15:39:00,"Obama, Netanyahu bash each other's Iran plans - CNN Video",http://www.cnn.com/videos/world/2015/03/03/lead-dnt-labott-netanyahu-speech-israel.cnn,President Obama responds to Israeli Prime Minister Benjamin Netanyahu's critique of Obama's proposed nuclear deal with Iran. CNN's Elise Labott reports.
2015-03-05 16:14:00,Passengers: 'Eerily quiet' as plane skid off runway - CNN Video,http://www.cnn.com/videos/tv/2015/03/05/lead-intv-joffe-stern-passengers-la-guardia-plane-skid.cnn,Passengers Sam Stern and Roxanne Joffe describe being on board a flight that skid off an icy New York runway and stopped just feet from the water's edge. 
2015-01-19 16:20:00,Americans prepare to evacuate from Yemen - CNN Video,http://www.cnn.com/videos/world/2015/01/19/tsr-dnt-starr-us-alert-level-yemen.cnn,U.S. officials raise the alert level for forces near Yemen. CNN's Barbara Starr reports on American preparations for a possible evacuation.
2015-02-19 07:30:00,Man solves 'Wheel of Fortune' puzzle in one guess - CNN Video,http://www.cnn.com/videos/us/2015/02/19/newday-wheel-of-fortune-one-letter-guess.cnn,"One lucky contestant solved a long puzzle on ""Wheel of Fortune"" with only one letter. "
2015-02-20 16:00:00,"Inside the $160,000 Oscars gift bag  - CNN Video",http://www.cnn.com/videos/entertainment/2015/02/20/lead-dnt-tapper-oscars-gift-bag.cnn,"Hollywood stars attending the Oscars will receive ""swag bags"" containing $160,000 in free goodies. So what's in the bags? Jake Tapper reports. "
2015-01-21 18:32:00,What are the advantages of a deflated football? - CNN Video,http://www.cnn.com/videos/sports/2015/01/21/natpkg-scholes-coy-wire-deflated-football-101.cnn,CNN Sports' Andy Scholes and NFL veteran Coy Wire explain the advantages of a deflated football and discuss a recent New England Patriots game.
2015-03-02 10:57:00,A bubble bath ... with Mentos and Coke Zero? - CNN Video,http://www.cnn.com/videos/living/2015/03/02/mentos-diet-coke-viral-video-5-things-orig-nws.cnn,YouTube user Hajime taped Mentos to his body and jumped into a bathtub filled with Coke Zero. Now the fizzy video has gone viral.
2015-03-02 17:01:00,New video shows LAPD shooting of unarmed man  - CNN Video,http://www.cnn.com/videos/us/2015/03/02/erin-dnt-lah-lapd-shooting-new-video.cnn,New video obtained by CNN shows a different angle of the shooting that left a homeless man dead after a struggle with LAPD officers. CNN's Kyung Lah reports. 
"2031 GMT (0431 HKT) February 2, 2015",Stephen Fry: The proudest moment of my life... - CNN Video,http://edition.cnn.com/videos/world/2015/02/02/wrn-viewer-questions-stephen-fry-intv.cnn,British comedian Stephen Fry answers questions submitted to him by CNN viewers on Twitter.
2015-03-04 13:07:00,Former MLB'er tracks down daughter's cyberbullies - CNN Video,http://www.cnn.com/videos/us/2015/03/04/newday-sot-curt-schilling-tracks-cyberbullies.cnn,Former Boston Red Sox pitcher Curt Schilling tracked down the people that cyberbullied his daughter on social media.
"1140 GMT (1940 HKT) February 6, 2015",Amazing free diving video in the waters of French Polynesia - CNN Video,http://edition.cnn.com/videos/tv/2015/02/06/pkg-free-diving-gravity.cnn,Follow free diver Guillaume Nery as he floats effortlessly thru the raging currents of the South Pacific. 
2015-02-19 07:26:00,Confessions of an Oscars seat filler - CNN Video,http://www.cnn.com/videos/entertainment/2015/02/19/oscars-seat-filler-orig.cnn,Monica Enriquez has been a professional seat filler at awards shows for 15 years. She shares her most memorable moments. 
2015-02-20 20:14:00,How much is an Oscar win worth? - CNN Video,http://www.cnn.com/videos/tv/2015/02/21/exp-erin-intv-shuter-how-much-is-an-oscar-win-worth.cnn,"CNN's Erin Burnett speaks with Rob Shuter, host of VH1's The Gossip Table about the value of an Oscar win."
2015-02-16 15:35:00,The weird way Oscar votes are counted - CNN Video,http://www.cnn.com/videos/entertainment/2015/02/16/how-oscars-voting-works-orig.cnn,Every year the debates rage on: Why did that movie or actor win an Oscar? But there is a method to the awards show madness. 
2015-02-16 10:43:00,Who is on al Qaeda's 'wanted' list? - CNN Video,http://www.cnn.com/videos/world/2015/02/16/orig-pkg-robertson-al-qaeda-wanted-list.cnn,"CNN's Nic Robertson reports on the some of the people who are included on a ""wanted"" list published by al Qaeda in the spring of 2013."
2015-03-05 09:16:00,"Lion opens car door, terrifies family - CNN Video",http://www.cnn.com/videos/travel/2015/03/05/mxp-lion-opens-car-door-with-teeth.hln,A family in South Africa was stunned when a lion in a safari park opened their car door with its teeth.
2015-02-10 11:14:00,Can these apps help you find true love? - CNN Video,http://www.cnn.com/videos/tv/2015/02/10/inside-man-spurlock-dating.cnn,Inside Man's Morgan Spurlock tries his luck as a matchmaker and explores the pitfalls of online dating. See the full episode Thursday at 9PM ET on CNN.
2015-02-22 21:28:00,The name ISIS hates to be called - CNN Video,http://www.cnn.com/videos/world/2015/02/23/name-isis-hates-orig.cnn,We know them as ISIS or ISIL. But there's another name the group hates -- so much they've threatened to cut out the tongue of anyone who uses it. 
2015-03-06 06:46:00,Delta passenger thought he would 'end up dead' - CNN Video,http://www.cnn.com/videos/tv/2015/03/06/newday-delta-passenger.cnn,Delta flight 1086 passenger Jared Faellaci tells New Day's Michaela Pereira about the moment he knew something had gone wrong.
2015-02-25 17:09:00,Mystery drone sightings spark security concerns - CNN Video,http://www.cnn.com/videos/world/2015/02/25/erin-pkg-ripley-drones-paris-security-concerns.cnn,A series of unmanned aerial vehicles spotted over high-profile locations has increased security concerns over drones. CNN's Will Ripley reports.
2015-02-23 20:04:00,Did the U.S. put policy before American lives?  - CNN Video,http://www.cnn.com/videos/tv/2015/02/24/exp-erin-dnt-lah-mueller-family-breaks-silence.cnn,Families of ISIS hostages say U.S. puts policy ahead of American lives. CNN's Kyung Lah explains.
2015-02-23 15:52:00,NSA chief: New blind spots in tracking terrorists - CNN Video,http://www.cnn.com/videos/us/2015/02/23/tsr-dnt-sciutto-nsa-chief-tracking-isis-terrorists.cnn,The director of the National Security Agency speaks with CNN's Jim Sciutto about the problems his agency faces trying to track terrorists and combat cyber attacks.
2015-02-09 18:53:00,The evolution of hostage's praise of ISIS - CNN Video,http://www.cnn.com/videos/world/2015/02/09/erin-dnt-foreman-cantlie-isis-video.cnn,A new ISIS video features a British hostage praising the group. Is he speaking under duress or has he been brain washed? CNN's Tom Foreman investigates.
2015-02-06 12:44:00,This video is no longer available - CNN Video,http://www.cnn.com/videos/entertainment/2015/02/06/rihanna-harpers-bazaar-jaws-shark-shoot-orig.cnn-harpers-bazaar,This video is no longer available. We apologize for the inconvenience.
2015-02-23 10:19:00,Pedestrians disappear into sidewalk sinkhole - CNN Video,http://www.cnn.com/videos/world/2015/02/23/nr-south-korea-sinkhole-ytn.cnn,Frightening video shows two rail passengers in South Korea fall into a sinkhole nearly 10 feet deep as they walk off a train. 
2015-02-27 20:50:00,Mysterious Ceres images perplex NASA - CNN Video,http://www.cnn.com/videos/us/2015/02/28/orig-crane-ceres-dwarf-planet-classification.cnn-nasa,"CNN's Rachel Crane looks at Ceres, a mysterious dwarf planet, as NASA's Dawn spacecraft closes in."
2015-02-27 20:50:00,Mysterious Ceres images perplex NASA - CNN Video,http://www.cnn.com/videos/us/2015/02/28/orig-crane-ceres-dwarf-planet-classification.cnn-nasa,"CNN's Rachel Crane looks at Ceres, a mysterious dwarf planet, as NASA's Dawn spacecraft closes in."
2015-02-18 18:07:00,U.S. trying to identify English-speaking jihadi - CNN Video,http://www.cnn.com/videos/tv/2015/02/18/exp-erin-dnt-sciutto-u-s-trying-to-identify-english-speaking-jihadi-in-video.cnn,Was the masked terrorist at the gruesome killing of Christians in Libya and American? Jim Scuitto reports.
2015-02-18 18:07:00,U.S. trying to identify English-speaking jihadi - CNN Video,http://www.cnn.com/videos/tv/2015/02/18/exp-erin-dnt-sciutto-u-s-trying-to-identify-english-speaking-jihadi-in-video.cnn,Was the masked terrorist at the gruesome killing of Christians in Libya and American? Jim Scuitto reports.
2015-02-20 13:15:00,14 things President Obama loves - CNN Video,http://www.cnn.com/videos/politics/2015/02/20/things-obama-loves.cnn,President Obama says he loves a lot of things. 
2015-02-16 07:21:00,Why are images of the Prophet Mohammed so offensive? - CNN Video,http://www.cnn.com/videos/world/2015/02/16/orig-shubert-prophet-mohammed-images.cnn,CNN's Atika Shubert explains why some Muslims are offended when publishers release images depicting the Prophet Mohammed.
2015-02-27 16:02:00,Terror suspect's atty: FBI manufacturing the crime - CNN Video,http://www.cnn.com/videos/tv/2015/02/27/exp-erin-intv-perlmutter-nyc-terror-suspects.cnn,"Adam Perlmutter, the attorney for Akhror Saidakhmetov, a man charged by the FBI in the latest NY terror plot, discusses the case with CNN's Erin Burnett. "
2015-02-13 17:17:00,'SNL's' best spoofs of Wolf Blitzer - CNN Video,http://www.cnn.com/videos/entertainment/2015/02/13/tsr-sot-snl-anniversary-spoofs.cnn,"Saturday Night Live is celebrating its 40th anniversary, so CNN's Wolf Blitzer looks at his best impersonators over the years. "
2015-03-02 17:02:00,The dumbest HOV lane dummies of all time - CNN Video,http://www.cnn.com/videos/us/2015/03/02/erin-pkg-moos-hov-lane-dummies.cnn,Check out the 10 dumbest HOV lane dummies. CNN's Jeanne Moos reports there's a new champ.
2015-03-05 16:23:00,Emotional testimony in Boston Marathon terror trial - CNN Video,http://www.cnn.com/videos/tv/2015/03/05/lead-pkg-feyerick-boston-marathon-bomber-trial.cnn,Survivor describes seeing bomber in the crowd. CNN's Deborah Feyerick reports. 
2015-03-05 13:23:00,CNN Creative Marketing: Miles O'Brien: A Life Lost and Found - CNN Video,http://www.cnn.com/videos/tv/2015/03/05/exp-cnn-creative-marketing-miles-obrien-a-life-lost-and-found.cnn,"CNN's Miles O'Brien shares with Dr. Gupta, his personal story of shock and determination. CNN Special Report: Miles O'Brien: A Life Lost and Found. Tuesday, March 10th at 9."
2015-02-25 16:18:00,Opinion: What the United States can learn from Iceland - CNN Video,http://www.cnn.com/videos/opinions/2015/02/25/change-the-list-poverty-iceland-sutter-orig-ba.cnn,CNN's John D. Sutter visits one of the poorest schools in Iceland to find out what the country is doing to alleviate childhood poverty.
2015-02-19 18:54:00,Doctors warn of deadly superbug outbreak - CNN Video,http://www.cnn.com/videos/us/2015/02/19/erin-dnt-lah-ucla-superbug.cnn,"A new strain of superbug is so resistant to antibiotics it's being called the ""nightmare bacteria."" And it's most frequently spread in the hospital.                 "
2015-02-25 16:42:00,Is this 280-pound catfish real? Fisherman provides proof - CNN Video,http://www.cnn.com/videos/us/2015/02/25/erin-pkg-moos-giant-280-pound-catfish.cnn,Holy catfish! It's 280 pounds of UGLY! CNN's Jeanne Moos takes the bait on this monster fish story.
2015-02-26 18:23:00,Amy Schumer's epic response to fat shaming - CNN Video,http://www.cnn.com/videos/entertainment/2015/02/26/amy-schumer-fat-shaming-hollywood-lisas-desk-orig-mg.cnn,"In this week's Lisa's Desk episode, Lisa talks about a recent incident involving ""Trainwreck"" actress Amy Schumer, who is a size 6."
2015-02-27 16:44:00,Have U.S.-Israel relations ever been this bad? Yes. - CNN Video,http://www.cnn.com/videos/politics/2015/02/27/22715-us-israel-relations-jm-wxdc.cnn,"The current disconnect between the U.S. and Israel seems bad, but Wolf Blitzer recalls a time when things between Israel and a Republican president were worse."
2015-01-23 16:18:00,Power shifts in Middle East after death of Saudi King  - CNN Video,http://www.cnn.com/videos/world/2015/01/23/lead-live-foreman-changes-in-the-middle-east.cnn,CNN's Tom Foreman looks into the changing Arab world after the death of King Abdullah bin Abdulaziz. 
2015-03-04 16:27:00,"DOJ meeting with Brown family, protest leaders - CNN Video",http://www.cnn.com/videos/tv/2015/03/04/lead-sidner-ferguson-city-doj-charges.cnn,"Michael Brown's family calls the DOJ report ""disappointing."" CNN's Sara Sidner reports. "
2015-01-24 10:05:00,Maher: 'American Sniper' is 'psychopath patriot' - CNN Video,http://www.cnn.com/videos/us/2015/01/24/pkg-orig-maher-american-sniper-psychopath-patriot-chris-kyle.cnn,"Bill Maher criticized the movie ""American Sniper"" and deceased Navy Seal Chris Kyle calling him a ""psychopath patriot."""
2015-03-05 07:10:00,The search for MH370 explained in under 2 minutes - CNN Video,http://www.cnn.com/videos/tv/2015/03/05/pkg-mann-mh370-search.cnn,CNN's Jonathan Mann explains the science behind the search for missing Malaysia Airlines Flight 370 and why it's focused along the 7th arc in the Indian Ocean.
2015-02-25 16:14:00,Opinion: Why the minimum wage matters to kids - CNN Video,http://www.cnn.com/videos/opinions/2015/02/25/change-the-list-poverty-min-wage-sutter-orig-ba.cnn,The minimum wage difference between Washington and Idaho is enough to help one mom raise her kids much more comfortably.
2015-03-05 18:11:00,"50 years later, a new angle of Selma - CNN Video",http://www.cnn.com/videos/us/2015/03/05/selma-timeline-drone-50-years-orig-nws.cnn,"In this CNN exclusive, see Selma through the lens of a drone and learn about its significant past. "
2015-02-26 18:31:00,Lasso that llama! - CNN Video,http://www.cnn.com/videos/us/2015/02/26/erin-pkg-moos-loose-llamas.cnn,Watch cops try to lasso llamas on the lam running loose on city streets. CNN's Jeanne Moos has the llama drama.
2015-03-06 16:52:00,Obamacare at the Supreme Court in less than three minutes - CNN Video,http://www.cnn.com/videos/politics/2015/03/06/obamacare-scotus-illustrated-origwx-bw-wm.cnn,King v. Burwell brought the Affordable Care Act back to the Supreme Court. The ruling could stop federal healthcare subsidies in states without exchanges. Here are the notable moments from the case.
2015-02-15 15:07:00,ISIS posts video of purported mass beheading  - CNN Video,http://www.cnn.com/videos/world/2015/02/15/isis-video-purports-21-coptic-christian-hostages-beheaded.cnn,"In a new propaganda video released Sunday by ISIS, the group claims to have beheaded over a dozen members of Egypt's Coptic Christian minority on a Libyan beach. "
2015-01-27 16:45:00, Nantucket family with newborn struggles without power - CNN Video,http://www.cnn.com/videos/tv/2015/01/27/lead-bpr-herrick-nantucket-no-power-snowstorm.cnn,"Most of the island is without power. Resident Tyler Herrick father to a 3-month-old, says his home's temperature has dropped to 54 degrees Fahrenheit. "
2015-01-22 18:24:00,Saudi State TV: King Abdullah dead at 90 - CNN Video,http://www.cnn.com/videos/world/2015/01/22/pkg-robertson-saudi-arabia-king-abdullah-obit.cnn,CNN's Nic Robertson looks back on the life and legacy of King Abdullah of Saudi Arabia.
2015-02-21 17:31:00,Fishing for dinner in Vanuatu - CNN Video,http://www.cnn.com/videos/tv/2015/02/21/wonder-list-fishing-for-dinner-in-vanuatu.cnn,Bill Weir learns that fishing in Vanuatu is much different than what he is used to doing in the U.S. The Wonder List is on CNN Sundays at 10p ET/PT.
2015-01-29 19:08:00,What to watch besides the Super Bowl - CNN Video,http://www.cnn.com/videos/entertainment/2015/01/30/super-bowl-alternatives-lisas-desk-orig-mg.cnn,"CNN's Lisa France gives you the rundown on what else is happening on Super Bowl Sunday, in case you are looking for a diversion from football."
2015-01-31 19:51:00,CNN reporter gets rare access to Saudi-Yemen border - CNN Video,http://www.cnn.com/videos/us/2015/02/01/pkg-robertson-saudi-yemen-border.cnn,CNN's Nic Robertson rides along with Saudi border police as they patrol the border with Yemen. 
2015-01-31 19:51:00,CNN reporter gets rare access to Saudi-Yemen border - CNN Video,http://www.cnn.com/videos/us/2015/02/01/pkg-robertson-saudi-yemen-border.cnn,CNN's Nic Robertson rides along with Saudi border police as they patrol the border with Yemen. 
2015-02-19 15:51:00,Reporter: ISIS seeking apocalypse - CNN Video,http://www.cnn.com/videos/tv/2015/02/19/lead-intv-wood-what-does-isis-really-want.cnn,"The Atlantic magazine's Graeme Wood joins CNN to discuss his article ""What ISIS really wants and how to stop it""."
2015-02-01 22:58:00,They study clouds ... as they live inside them - CNN Video,http://www.cnn.com/videos/us/2015/02/02/storm-peak-lab-gray-orig.cnn,"CNN's Jennifer Gray visits a mountaintop lab in Steamboat Springs, Colorado, where a team lives to study clouds from the inside."
2015-02-27 20:50:00,Mysterious Ceres images perplex NASA - CNN Video,http://www.cnn.com/videos/us/2015/02/28/orig-crane-ceres-dwarf-planet-classification.cnn-nasa,"CNN's Rachel Crane looks at Ceres, a mysterious dwarf planet, as NASA's Dawn spacecraft closes in."
2015-02-05 22:57:00,TransAsia survivor: 'The engine didn't seem right' - CNN Video,http://www.cnn.com/videos/tv/2015/02/06/exp-ac-dnt-coren-taiwan-transasia-plane-crash-survivors-speak.cnn,CNN's Anna Coren reports on how some of the survivors of the plane crash made it out alive.
2015-02-05 16:36:00,Misdiagnosed man heard mom wish him dead - CNN Video,http://www.cnn.com/videos/health/2015/02/05/ac-dnt-cooper-martin-pistorius-ghost-boy.cnn,"For 12 years, Martin Pistorius say he was trapped inside his own body fully conscious while physically in a vegetative state. Pistorius, who speaks via a computer, wrote a book about his experience titled ""Ghost Boy.""  CNN's Anderson Cooper reports."
2015-02-28 11:16:00,'Duck Dynasty' star: STDs are revenge of the hippies - CNN Video,http://www.cnn.com/videos/politics/2015/02/28/sot-duck-dynasty-phil-robertson-std-cpac-hippies.cnn,"Speaking at CPAC, Phil Robertson cited a 2008 CDC study of STDs and said the estimated 110 million STD cases in the United States are ""the revenge of the hippies."""
2015-02-09 14:37:00,'Underground for 5 days': On the frontlines in Ukraine - CNN Video,http://www.cnn.com/videos/world/2015/02/09/pkg-paton-walsh-ukraine-city-destroyed.cnn,A Ukrainian civilian tells CNN's Nick Paton Walsh that she and her family hid underground for five days during the shelling of their city.
2015-02-04 19:04:00,Basketball court vanishes under players' feet - CNN Video,http://www.cnn.com/videos/entertainment/2015/02/05/3d-projection-system-nba-atlanta-hawks-orig-mg.cnn,"The 3-D projection system being used by the NBA's Atlanta Hawks, among other teams, transforms the basketball court into a three-dimensional display. Other teams across the NBA and NHL are working to incorporate this type of technology into their arenas, making for a more unique and dynamic game experience."
2015-02-06 16:41:00,Soldiers flagging Brian Williams reporting since 2003 - CNN Video,http://www.cnn.com/videos/tv/2015/02/06/lead-intv-tritten-brian-williams-iraq-story.cnn,"Soldiers that flagged inaccuracies in Williams' Iraq story tell Stars & Stripes reporter Travis Tritten they wanted an apology, not to see him fired. "
2015-01-20 11:03:00,Teacher drags 6-year-old student through hallway - CNN Video,http://www.cnn.com/videos/us/2015/01/20/dnt-student-dragged-by-teacher-kentucky.wave,Security cameras show a teacher dragging a first-grader through a school hallway in Kentucky. CNN affiliate WAVE reports.
2015-01-29 20:23:00,Watch doctors have heated debate over vaccination - CNN Video,http://www.cnn.com/videos/tv/2015/01/30/erin-panel-anti-vaccination-debate.cnn,Physicians Jack Wolfson and Armand Dorian have a heated debate over whether or not children should be vaccinated.
2015-02-17 13:11:00,Walking the streets of Paris as a Jew - CNN Video,http://www.cnn.com/videos/world/2015/02/17/pkg-foster-france-walking-streets-of-paris-as-a-jew.cnn,"To see if Paris is actually safe for Jews, an Israeli journalist filmed himself walking through various sections of Paris wearing a kippah and prayer tassels. He released an edited video to the web that has quickly gone viral."
2015-01-29 16:57:00,Pilot simulates what happened in the AirAsia cockpit - CNN Video,http://www.cnn.com/videos/us/2015/01/29/erin-dnt-lah-airasia-simulator.cnn,CNN's Kyung Lah sits in a plane simulator to experience what the final moments in the cockpit of AirAsia Flight 8501 may have been like. 
2015-02-12 02:18:00,Middle school students get '50 Shades of Grey' word search - CNN Video,http://www.cnn.com/videos/us/2015/02/12/dnt-pa-middle-school-fifty-shades-puzzle.wtae,"Teacher gives five students at a Pennsylvania middle school ""50 Shades of Grey"" word search. WTAE reports"
2015-02-25 15:34:00,"Opinion: Mom pays $1,000 a month for a garage - CNN Video",http://www.cnn.com/videos/opinions/2015/02/25/change-the-list-poverty-garage-sutter-orig-ba.cnn,Sky-high rents in Silicon Valley are forcing parents into difficult living situations. CNN meets a woman who is raising her daughter in a single-car garage.
2015-03-09 04:09:00,Sigma Alpha Epsilon closes chapter after racist video - CNN Video,http://www.cnn.com/videos/us/2015/03/09/pkg-howell-oklahoma-fraternity-racist-chant.cnn,Sigma Alpha Epsilon shut down a chapter in Oklahoma when a video surfaced that showed members singing a racist chant. CNN's George Howell reports.
2015-02-21 10:31:00,Smerconish: Real patriots voice opinion on substance - CNN Video,http://www.cnn.com/videos/tv/2015/02/21/smerconish-commentary-02212015.cnn,"Michael Smerconish offers his thoughts on the controversial remarks made by Rudy Giuliani, former Mayor of New York Rudy Giuliani."
2015-02-12 22:11:00,Brian Williams' SEAL Team Six war stories questioned - CNN Video,http://www.cnn.com/videos/tv/2015/02/13/ac-berman-on-brian-williams-war-stories.cnn,John Berman takes a close look at claims Brian Williams made about flying into Iraq with members of SEAL Team Six and gifts from them that he says he received.
2015-02-25 18:57:00,Madonna falls offstage at the Brit Awards - CNN Video,http://www.cnn.com/videos/world/2015/02/25/ct-uk-brit-awards-madonna-falls-offstage.cnn,"While performing at the Brit Awards in London, Madonna had a cape malfunction and took a tumble off the stage."
2015-01-27 16:58:00,Airlines continue to cancel flights; impacts nation - CNN Video,http://www.cnn.com/videos/tv/2015/01/27/lead-pkg-marsh-cancelled-flights-snowstorm.cnn,"As airlines continue to cancel flights because of a storm in the northeast, a ripple effect is being felt across the nations. CNN's Rene Marsh reports. "
2015-02-19 17:30:00,Dangerous cold cripples travel  - CNN Video,http://www.cnn.com/videos/tv/2015/02/19/lead-pkg-marsh-travel-winter-freez.cnn,Airport crews risk frostbite in freezing temperatures. CNN's Rene Marsh reports. 
2015-02-23 16:54:00,How do Giuliani's comments on Obama affect GOP? - CNN Video,http://www.cnn.com/videos/politics/2015/02/23/tsr-pkg-bash-giuliani-obama-comments-gop-effect.cnn,CNN's Dana Bash reports on the fallout of the comments made by former New York Mayor Rudy Giuliani about President Obama.
2015-02-10 19:53:00,Brian Williams suspended six months without pay - CNN Video,http://www.cnn.com/videos/entertainment/2015/02/11/erin-stelter-brian-williams-suspended-six-months.cnn,CNN's Brian Stelter responds to news that NBC has suspended anchor Brian Williams for six months without pay.
2015-02-11 15:37:00,Inside failed hostage rescue attempts to save Kayla Mueller - CNN Video,http://www.cnn.com/videos/world/2015/02/11/tsr-dnt-todd-mueller-failed-rescue.cnn,CNN's Brian Todd reports on the rescue attempts to try to save American captive Kayla Mueller from ISIS. How close did the U.S. come to winning her freedom?
2015-02-11 15:30:00,Were UNC shootings a hate crime or parking dispute?  - CNN Video,http://www.cnn.com/videos/us/2015/02/11/lead-dnt-malveaux-unc-shooting.cnn,A 46-year-old man has been charged with murder in the shooting deaths of three family members near UNC Chapel Hill.  CNN's Suzanne Malveaux reports.
2015-02-16 18:37:00,Train derailment causes massive explosion - CNN Video,http://www.cnn.com/videos/us/2015/02/16/tsr-west-virginia-train-derailment-explosion.cnn,A train derailment in West Virginia caused a massive explosion and oil spill. 
2015-02-06 13:10:00,Jordan: We've opened the gates of hell on ISIS - CNN Video,http://www.cnn.com/videos/tv/2015/02/06/ctw-jordanian-interior-minister-hussein-majali.cnn,"Jordanian Interior Minister Hussein Majali tells CNN's Becky Anderson that Jordan is the spearhead of the war with ISIS, not the U.S."
2015-02-24 23:49:00,Huge home explosion caught on camera  - CNN Video,http://www.cnn.com/videos/us/2015/02/25/pkg-house-explosion-new-jersey.kyw,"Fifteen people were injured, including six firefighters and seven gas company employees, during a home explosion, officials said. CNN affiliate KYW reports. "
2015-02-12 11:46:00,Dog journeys to hospital to find owner - CNN Video,http://www.cnn.com/videos/us/2015/02/12/dnt-iowa-dog-finds-owner-in-hospital.kcrg,"A miniature schnauzer walks about 15 blocks to find her owner, who is at a hospital recovering from surgery in Cedar Rapids, Iowa. KCRG reports."
2015-02-07 00:08:00,Mexico: 60 abandoned bodies found in Acapulco - CNN Video,http://www.cnn.com/videos/world/2015/02/07/pkg-romo-mexico-acapulco-bodies-found.cnn,"Dozens of bodies have been found in an abandoned crematorium near the seaside resort of Acapulco in Western Mexico, as CNN's Rafael Romo reports. "
2015-02-24 05:16:00,"Man gets bionic eye, sees wife for first time in decade - CNN Video",http://www.cnn.com/videos/us/2015/02/24/mxp-man-bionic-eye-sees-wife-first-time.hln,A Minnesota man who got a bionic eye implant was able to see his wife for the first time in 10 years. 
2015-02-08 12:18:00,Will Brian Williams return to the NBC Nightly News? - CNN Video,http://www.cnn.com/videos/tv/2015/02/08/will-brian-williams-return-to-the-nbc-nightly-news.cnn,"Is Brian Williams still a reliable source? Kimberly Dozier, Jeff Greenfield, & Frank Sesno discuss the journalistic questions behind this growing scandal."
2015-02-09 06:11:00,Your television may be spying on you - CNN Video,http://www.cnn.com/videos/tech/2015/02/09/samsung-eavesdropping-tv.hln,Samsung smart televisions' voice recognition feature may be eavesdropping on you. HLN's Jennifer Westhoven has the details. 
2015-02-19 07:26:00,Confessions of an Oscars seat filler - CNN Video,http://www.cnn.com/videos/entertainment/2015/02/19/oscars-seat-filler-orig.cnn,Monica Enriquez has been a professional seat filler at awards shows for 15 years. She shares her most memorable moments. 
2015-02-25 18:18:00,Mom: Trayvon Martin's death about more than him - CNN Video,http://www.cnn.com/videos/opinions/2015/02/25/sybrina-fulton-myrlie-evers-williams-orig.cnn,"Three years after the death of her son, Trayvon Martin, Sybrina Fulton speaks with civil rights activist Myrlie Evers-Williams about overcoming tragedy."
2015-02-25 17:39:00,Attorney: 'Ham-fisted tactics' used against Muslim men - CNN Video,http://www.cnn.com/videos/us/2015/02/25/tsr-sot-attorney-brooklyn-suspects-isis.cnn,"Adam Perlmutter, the attorney for one of the men alleged to have attempted to join ISIS, says his client should be presumed innocent and there is a rush to prosecute Muslim men in America."
2015-02-18 07:08:00,NASA to send submarine into space - CNN Video,http://www.cnn.com/videos/tech/2015/02/18/pkg-orig-nasa-send-submarine-space-titan.cnn,"NASA is working on a submarine to explore the methane seas of Saturn's largest moon, Titan."
2015-02-02 17:31:00,Whitney Houston's daughter in medically-induced coma - CNN Video,http://www.cnn.com/videos/us/2015/02/02/erin-blackwell-dnt-bobbi-kristina-brown-coma.cnn,"Victor Blackwell takes a look at the life of Whitney Houston's daughter, Bobbi Kristina Brown, who was recently found unresponsive in a bathtub. "
2015-02-17 19:27:00,"Official: ISIS pumps out 90,000 messages a day - CNN Video",http://www.cnn.com/videos/tv/2015/02/18/exp-erin-dnt-lah-isis-propaganda-war.cnn,Experts say the key to ISIS' success is the terror group's ability to recruit fighters from all over the world via social media. CNN's Kyung Lah has more.
2015-02-27 20:18:00,Shatner on Nimoy: Spock would not have been the same - CNN Video,http://www.cnn.com/videos/entertainment/2015/02/28/orig-natpkg-william-shatner-leonard-nimoy.cnn,"In an interview taped two days before Leonard Nimoy's death, William Shatner reflects on Nimoy's legacy."
2015-02-10 18:37:00,ISIS giving terror recruits new instructions  - CNN Video,http://www.cnn.com/videos/intl_tv/2015/02/10/tsr-dnt-sciutto-isis-handbook.cnn,"ISIS terrorists are distributing a how-to handbook that gives recruits specific instructions, a chilling aspect of the group's strategy. CNN's Jim Sciutto reports. "
2015-03-02 10:46:00,Who is Benjamin Netanyahu? - CNN Video,http://www.cnn.com/videos/tv/2015/03/02/orig-benjamin-netanyahu-profile-israel-bibi-cm.cnn,CNN's Elise Labott profiles the Israeli Prime Minister. 
2015-02-19 18:47:00,Meet the rejects from a one-way trip to Mars - CNN Video,http://www.cnn.com/videos/us/2015/02/19/erin-pkg-moos-mars-rejects-audition-tapes.cnn,Check out audition videos of Mars mission REJECTS. CNN's Jeanne Moos reports on the would-be astronauts who won't be. 
2015-03-02 07:24:00,"Skydiver has midair seizure, can't pull cord - CNN Video",http://www.cnn.com/videos/world/2015/03/02/newday-skydiver-midair-seizure.cnn,A skydiving student in Australia suffered from a seizure in midair.
2015-02-03 13:25:00,King Abdullah: Pilot killed while defending Islam - CNN Video,http://www.cnn.com/videos/world/2015/02/03/sot-jordan-king-abdullah-isis-pilot-hostage-burned-alive.jordan-state-tv,"King Abdullah of Jordan reacts to the death of Muath al-Kaseasbeh, a pilot held hostage by ISIS and apparently burned alive."
2015-03-03 17:44:00,Hear the voice of 'Jihadi John' before ISIS - CNN Video,http://www.cnn.com/videos/world/2015/03/03/tsr-dnt-todd-voice-of-jihadi-john-before-isis.cnn,"An audio recording has been released believed to feature the man identified as ""Jihadi John"" before he joined ISIS.  CNN's Brian Todd reports."
2015-02-25 16:00:00,Opinion: Two jobs and still living in a shelter - CNN Video,http://www.cnn.com/videos/opinions/2015/02/25/change-the-list-poverty-working-shelter-sutter-orig-ba.cnn,"The cost of living is so high in Silicon Valley, California, that parents can work full time -- and still not be able to house their families."
2015-03-06 12:20:00,The haircut that freed a child's heart - CNN Video,http://www.cnn.com/videos/living/2015/03/06/digital-shorts-raising-ryland-orig.cnn,"CNN Digital and CNN Films present ""Raising Ryland,"" an intimate look at parenting a transgender child with no strings attached. "
2015-01-27 10:28:00,CNN is now on Snapchat! - CNN Video,http://www.cnn.com/videos/us/2015/01/27/orig-cnn-joins-snapchat-npr.cnn,"Don't miss out on your daily dose of news, videos and fun facts. Snap and share CNN stories today."
2015-03-05 04:57:00,Iran: Some people consider peace 'an existential threat' - CNN Video,http://www.cnn.com/videos/world/2015/03/05/intv-amanpour-iran-javad-zarif-sot.cnn,"With marathon nuclear negotiations underway, Iranian Foreign Minister Javad Zarif speaks with Christiane Amanpour about the talks and PM Netanyahu's speech."
2014-06-16 15:33:00,Seth Rogen turns hilarity into charity  - CNN Video,http://www.cnn.com/videos/bestoftv/2014/06/16/iyw-seth-rogen-2.cnn,Seth Rogen turns hilarity into charity 
2015-03-05 15:01:00,Meet the 'awkward black girl' - CNN Video,http://www.cnn.com/videos/entertainment/2015/03/05/issa-rae-awkward-black-girl-lisas-desk-orig-mg.cnn,"In this week's Lisa's Desk episode, actress and writer Issa Rae stops by to talk Oprah, her new HBO show, and her book ""The Misadventures of Awkward Black Girl."""
2015-02-01 08:08:00,Al Jazeera journalist released from Egyptian prison - CNN Video,http://www.cnn.com/videos/tv/2015/02/01/al-jazeera-journalist-released-from-egyptian-prison.cnn,"After spending 400 days in an Egyptian prison for his reporting, Peter Greste has been released. Hear from Al Jazeera English Managing Director Al Anstey."
2015-02-04 16:22:00,"Toddler, 15 passengers survive Taiwan plane crash  - CNN Video",http://www.cnn.com/videos/world/2015/02/04/tsr-dnt-brown-toddler-survives-transasia-plane-crash.cnn,Rescuers work to recover the remains of those who died on the TransAsia Airways crash in Taiwan. CNN's Pamela Brown reports on the survivors.
2015-02-25 16:11:00,Opinion: Meet the children of Silicon Valley's 'Jungle' - CNN Video,http://www.cnn.com/videos/opinions/2015/02/25/change-the-list-poverty-jungle-sutter-orig-ba.cnn,"CNN takes you inside ""The Jungle,"" what was Silicon Valley's largest homeless encampment, to meet some of the children forced to live there."
2015-02-11 17:56:00,Are we ready for 'Fifty Shades' the movie? - CNN Video,http://www.cnn.com/videos/video-landing/2015/02/11/50-fifty-shades-of-grey-richard-roth-movie-theater-orig-cfb.cnn,"Richard Roth investigates the impact and anticipation of the coming motion picture release of ""Fifty Shades of Grey"""
2015-02-27 03:14:00,What color is this dress? - CNN Video,http://www.cnn.com/videos/entertainment/2015/02/27/orig-what-color-is-this-dress.cnn,Is this dress white and gold or blue and black? See the picture that has the internet buzzing. 
2015-02-13 15:51:00,Ginsburg and Scalia's wild adventures - CNN Video,http://www.cnn.com/videos/politics/2015/02/13/lead-pkg-brown-scalia-and-ginsburg.cnn,CNN's Pamela Brown gives us a peek at the colorful stories told by Supreme Court Justices Ruth Bader Ginsburg and Antonin Scalia at a forum on constitutional issues.
2015-02-14 09:04:00,NASA warns of 'megadroughts' for U.S. - CNN Video,http://www.cnn.com/videos/us/2015/02/14/nasa-warns-of-megadroughts-orig.cnn-nasa,"There is no precedent in contemporary weather records for the kinds of droughts facing the country's West, if greenhouse gas emissions stay on course, a NASA study said. Narration and video provided by NASA. "
2015-02-24 16:47:00,Are U.S. allies secretly funding ISIS? - CNN Video,http://www.cnn.com/videos/world/2015/02/24/tsr-dnt-kosinski-us-allies-funding-isis.cnn,Reports indicate that Qatar and other U.S. allies are privately supporting ISIS. CNN's Michelle Kosinski investigates.
2015-02-23 12:25:00,Prince Harry's fickle relationship with the media - CNN Video,http://www.cnn.com/videos/world/2015/02/23/orig-prince-harry-media-spotlight.cnn,A look back at the highs and lows of Prince Harry's long relationship with the media.
2015-03-07 12:27:00,"John Gotti, Jr. Interview Part 3 - CNN Video",http://www.cnn.com/videos/tv/2015/03/07/smerconish-gotti-3-03072015.cnn,"Michael Smerconish continues his interview with John Gotti, Jr. on his former mob life and new book.  More information on Gotti, Jr's book: johnagotti.com."
2015-02-25 16:42:00,Is this 280-pound catfish real? Fisherman provides proof - CNN Video,http://www.cnn.com/videos/us/2015/02/25/erin-pkg-moos-giant-280-pound-catfish.cnn,Holy catfish! It's 280 pounds of UGLY! CNN's Jeanne Moos takes the bait on this monster fish story.
2015-03-05 15:50:00,Hillary Clinton: 'I want the public to see my email' - CNN Video,http://www.cnn.com/videos/politics/2015/03/05/lead-dnt-keilar-clinton-email-reax.cnn,Hillary Clinton announced via Twitter that she asked the State Department to release emails from her personal account during her time as Secretary of State. CNN's Brianna Keilar reports.
2015-03-05 17:27:00,Why Venezuela is on edge - CNN Video,http://www.cnn.com/videos/tv/2015/03/05/orig-venezuela-politics-protests-on-edge.cnn,CNN's Shasta Darlington explains the current state of Venezuela and how it got there.
2015-02-19 15:04:00,Standoff underway near road-rage scene - CNN Video,http://www.cnn.com/videos/us/2015/02/19/nr-sidner-standoff-road-rage-scene.cnn,A standoff is underway near the scene of a road-rage incident in Las Vegas. CNN's Sara Sidner reports 
2015-02-27 11:28:00,Is there a Hawaii without hotels? - CNN Video,http://www.cnn.com/videos/us/2015/02/27/wonder-list-skype-orig-bill-weir.cnn,"The island nation of Vanuatu has all the trappings of paradise, without the luxury hotels and resorts (for now).  Bill Weir caught up with guide and photojournalist, Jimmy Nelson, to look back at their extraordinary experiences on these extraordinary islands.   "
2015-02-27 11:28:00,Is there a Hawaii without hotels? - CNN Video,http://www.cnn.com/videos/us/2015/02/27/wonder-list-skype-orig-bill-weir.cnn,"The island nation of Vanuatu has all the trappings of paradise, without the luxury hotels and resorts (for now).  Bill Weir caught up with guide and photojournalist, Jimmy Nelson, to look back at their extraordinary experiences on these extraordinary islands.   "
2015-01-23 15:15:00,Huge asteroid flies by Earth - CNN Video,http://www.cnn.com/videos/us/2015/01/23/orig-crane-asteroid-earth-fly-by-nasa.cnn,"A big asteroid will fly by Earth, but NASA says don't worry -- we'll be safe. CNN's Rachel Crane reports."
2015-01-28 14:01:00,A year without taking out the trash? - CNN Video,http://www.cnn.com/videos/tv/2015/01/28/ms-im-garbage-ron-1.cnn,"In an effort to grasp our trash habit, our Inside Man Morgan Spurlock found a family of four that never takes out the trash... ever"
2015-02-25 19:03:00,Juror: Defense never proved he was clinically insane - CNN Video,http://www.cnn.com/videos/us/2015/02/26/ac-american-sniper-trial-jurors.cnn-ap,"Two jurors in the ""American Sniper"" trial of Eddie Ray Routh share their thoughts on the trial and verdict with CNN's Anderson Cooper."
2015-01-21 13:03:00,Advance look at 'The Hunting Ground' - CNN Video,http://www.cnn.com/videos/tv/2015/01/21/radius-cnn-films-hunting-ground-trailer.cnn,"A startling exposÃ© of rape crimes on U.S. campuses, institutional cover-ups and the brutal social toll on victims and their families. In theaters March 20."
2015-03-06 18:06:00,Snuggie maker settles deception charges for $8M - CNN Video,http://www.cnn.com/videos/us/2015/03/06/lead-pkg-tapper-snuggie-lawsuit-fraud.cnn,"Allstar Marketing Group, the creator of the Snuggie, must pay millions after agreeing to settle charges of deceptive marketing. CNN's Jake Tapper reports."
2015-01-27 18:45:00,Dogs and snow: One minute of slo-mo fun - CNN Video,http://www.cnn.com/videos/us/2015/01/27/orig-new-york-blizzard-snow-dogs-ms-ba.cnn,Dogs make almost any situation more enjoyable. Look what happens when they have nearly a foot of snow to play in.
2014-02-03 20:10:00,'I am the face of heart disease' - CNN Video,http://www.cnn.com/videos/us/2014/02/04/exp-iyw-star-jones.cnn,"After having open-heart surgery, TV personality and lawyer Star Jones took on the role of heart health advocate."
2015-02-04 16:22:00,"Toddler, 15 passengers survive Taiwan plane crash  - CNN Video",http://www.cnn.com/videos/world/2015/02/04/tsr-dnt-brown-toddler-survives-transasia-plane-crash.cnn,Rescuers work to recover the remains of those who died on the TransAsia Airways crash in Taiwan. CNN's Pamela Brown reports on the survivors.
2015-02-10 19:37:00,Aaron Hernandez fiancÃ©e granted immunity for testimony - CNN Video,http://www.cnn.com/videos/justice/2015/02/11/erin-dnt-candiotti-aaron-hernandez-trial-shayanna-jenkins-immunity.cnn,Aaron Hernandez's fiancÃ©e was granted immunity for her testimony.  CNN's Susan Candiotti reports on today's developments as the ex-NFL star's murder trial continues.
2015-02-07 10:53:00,Did cops cover up brutal beating? - CNN Video,http://www.cnn.com/videos/us/2015/02/07/nr-dnt-valencia-philadelphia-police-beating-charge.cnn,Police officers in Philadelphia are accused of covering up a brutal beating after a video surfaces that seems to contradict their account of the incident. 
2015-01-19 17:14:00,Will 'American Sniper' revive war movie genre? - CNN Video,http://www.cnn.com/videos/tv/2015/01/19/tl-variety-brent-lang-lead-intv.cnn,"""American Sniper"" shatters box office records, earning $105 million in opening weekend. Variety's Brent Lang joins ""The Lead"" to discuss."
2015-01-20 23:43:00,Obama's economic proposals in 60 seconds - CNN Video,http://www.cnn.com/videos/cnnmoney/2015/01/21/cnn-sotu-economic-proposals.cnnmoney,"From child care to education, President Obama's sixth State of the Union address lays out how middle class economics works."
2015-01-22 22:56:00,'I feel like they're trying to eradicate black men' - CNN Video,http://www.cnn.com/videos/tv/2015/01/23/cnn-tonight-tiny-doo-lawyer.cnn,"Rapper Brandon 'Tiny Doo' Duncan and his lawyer join ""CNN Tonight"" to discuss criminal charges stemming from the violent nature of his lyrics and music stylings"
2015-01-28 16:12:00,Aaron Hernandez faces first murder trial - CNN Video,http://www.cnn.com/videos/sports/2015/01/28/ac-dnt-candiotti-hernandez-trial.cnn-ap,Former NFL player Aaron Hernandez goes on trial for the 2013 shooting death of another athlete.  CNN's Susan Candiotti reports.  
2015-01-29 13:49:00,CNN anchors get personal about fertility - CNN Video,http://www.cnn.com/videos/health/2015/01/29/nr-phillips-whole-life-fertility-plan.cnn,CNN's Kyra Phillips shares her personal experience with small life choices that can lead to fertility problems later in life.
2015-02-03 07:49:00,Gupta: Vaccines do not cause autism - CNN Video,http://www.cnn.com/videos/health/2015/02/03/newday-gupta-vaccines-do-not-cause-autism.cnn,"Dr. Sanjay Gupta says the scientific community is not sure what causes autism, but vaccines do not."
2015-02-12 16:57:00,Congress weighing request to use military force on ISIS - CNN Video,http://www.cnn.com/videos/politics/2015/02/12/tsr-dnt-bash-congress-weighs-isis-military-force.cnn,CNN's Dana Bash reports on President Obama's effort to get Congress to authorize war against the terrorist group ISIS. 
2015-03-05 18:58:00,Reports: Harrison Ford injured in plane crash - CNN Video,http://www.cnn.com/videos/us/2015/03/05/tsr-harrison-ford-plane-crash.cnn,Reports indicate that actor Harrison Ford was injured when his small vintage airplane crashed into a California golf course.
2015-01-19 14:52:00,How do new U.S.-Cuba relations impact you? - CNN Video,http://www.cnn.com/videos/world/2015/01/19/pkg-cuba-us-relations-penhaul-orig.cnn,CNN's Karl Penhaul looks at the impact of recent decisions to engage in dialogue with Cuba.
2015-02-05 13:42:00,New photos of airstrikes against ISIS - CNN Video,http://www.cnn.com/videos/world/2015/02/05/wolf-new-photos-of-airstrikes-against-isis.cnn,At least ten ISIS fighters were killed in coalition airstrikes following the brutal execution of a Jordanian pilot.
2015-01-20 20:32:00,Rep. Schultz: It's up to Congress to pass gun reform - CNN Video,http://www.cnn.com/videos/tv/2015/01/21/exp-erin-intv-schultz-obama-isis-use-of-force.cnn,CNN's Erin Burnett speaks with Congresswoman Debbie Wasserman Schultz about the Obama administration's inability to do more to curb gun violence.
2015-01-21 02:39:00,Members of Congress play Cards Against Humanity - CNN Video,http://www.cnn.com/videos/politics/2015/01/21/orig-js-ac-cards-against-humanity-sotu.cnn,"To gauge the reaction of lawmakers after President Obama's State of the Union address, we played Cards Against Humanity with them inside the Capitol."
2015-02-17 17:39:00,Harf: We won't give terrorists 'religious credibility' - CNN Video,http://www.cnn.com/videos/us/2015/02/17/tsr-bts-harf-white-house-isis-extremism.cnn,"State Department Deputy Spokeswoman Marie Harf discusses criticism of the White House's refusal to call terrorists who kill in the name of Islam, ""Islamic extremists."""
2015-02-25 16:01:00,Sam Smith: I want Ed Sheeran to win all the Brit Awards - CNN Video,http://www.cnn.com/videos/world/2015/02/25/pkg-soares-uk-brit-awards-2015-sam-smith.cnn,CNN's Isa Soares speaks to Sam Smith and members of the rock band Royal Blood on the red carpet of the Brit Awards.
2015-02-05 13:48:00,NATO: Separatists pushing for more contiguous area - CNN Video,http://www.cnn.com/videos/tv/2015/02/05/intv-amanpour-philip-breedlove-nato-ukraine-bases-estern-europe.cnn,"NATO Supreme Allied Commander Europe General Philip Breedlove tells Christiane Amanpour there has to be a ""political solution"" to the crisis in Ukraine. "
2015-01-30 04:57:00,'Dragon Dinosaur' discovered in China - CNN Video,http://www.cnn.com/videos/tv/2015/01/30/foster-china-dragon-dinosaur.cnn,"Paleontologists have discovered a 50-ft ""dragon"" dinosaur species in China that may have roamed the earth 160 million years ago in the Late Jurassic period."
2015-02-27 19:39:00,Friend of Putin critic: I'm not surprised he was killed - CNN Video,http://www.cnn.com/videos/world/2015/02/28/erin-bts-saakashvili-putin-critic-nemtsov-death.cnn,"Mikheil Saakashvili, the former president of Georgia, speaks about the death of his friend, Boris Nemtsov, who was an outspoken critic of Vladimir Putin. "
2015-03-09 20:54:00,Men hear mystery voice while rescuing baby - CNN Video,http://www.cnn.com/videos/us/2015/03/10/ac-rescuers-found-baby-alive.cnn,Rescuers are bewildered by the voice they heard calling for help after a car overturned and plunged into an icy river.
2015-02-24 16:40:00,Advocate: VA Sec. has pattern of misrepresenting truth - CNN Video,http://www.cnn.com/videos/tv/2015/02/24/lead-intv-caldwell-veteran-secretary-scandal.cnn,Concerned Veterans for America's legislative director Dan Caldwell joins CNN to discuss the scandal surrounding VA Secretary McDonald.
2015-02-18 15:30:00,Iraqi envoy says ISIS may be harvesting victims' organs - CNN Video,http://www.cnn.com/videos/world/2015/02/18/lead-dnt-sciutto-isis-horrors-organ-harvesting-report.cnn,The United Nations is investigating claims that ISIS is harvesting organs from the dead and selling them on the black market. Jim Sciutto reports. 
2015-03-02 18:08:00,Chaffetz to Blitzer: Get over it  - CNN Video,http://www.cnn.com/videos/tv/2015/03/02/tsr-blitzer-chaffetz-netanyahu-get-over-it.cnn,Things get heated when Wolf Blitzer asks Rep. Jason Chaffetz if Speaker Boehner should have told the White House he was inviting Netanyahu to speak to Congress.
2015-02-19 14:32:00,Startup lets you hire someone to do just about anything - CNN Video,http://www.cnn.com/videos/tech/2015/02/19/instant-startups-thumbtack-orig-ms.cnn,"From house cleaning to guitar lessons, this startup connects you with pros who can get the job done. Check out more Instant Startups."
2015-03-09 18:53:00,What can the Apple Watch do that your Timex can't?  - CNN Video,http://www.cnn.com/videos/us/2015/03/09/erin-dnt-moos-apple-watch.cnn,Watch an Apple Watch open a garage door and pay with a credit card. CNN's Jeanne Moos reports on talking into your wrist.
2015-03-03 20:41:00,Weasel rides woodpecker; Internet goes crazy - CNN Video,http://www.cnn.com/videos/us/2015/03/04/erin-pkg-moos-weasel-woodpecker-flies.cnn,Unbelievable #weaselpecker photo stuns experts! CNN's Jeanne Moos has the story behind the nature photo of the ... year?
2015-01-23 18:38:00,ISIS holding American female hostage - CNN Video,http://www.cnn.com/videos/tv/2015/01/23/exp-erin-sot-starr-isis-holding-american-female-hostage.cnn,Parents of an American aid worker are trying desperately to free their daughter held by ISIS. CNN's Barbara Starr has the latest.
2015-01-27 21:14:00,Blizzard destroys National Guard sergeant's home - CNN Video,http://www.cnn.com/videos/us/2015/01/28/ac-intv-sgt-bruno-lost-home-snowstorm.cnn-ap,"Massachusetts National Guard Sgt. Jennifer Bruno describes seeing her damaged home in Marshfield, Massachusetts, after the snowstorm."
2015-01-27 21:51:00,Battling to dig out of the blizzard - CNN Video,http://www.cnn.com/videos/tv/2015/01/28/ac-randi-kaye-on-connecticut-snow.cnn,Randi Kaye gets stuck in the snow while reporting on one Connecticut community's struggle to clear out after the storm.
2015-01-27 23:15:00,CNN exclusive: Rand Paul Snapchat interview  - CNN Video,http://www.cnn.com/videos/politics/2015/01/28/cnn-exclusive-historic-snapchat-interview-with-rand-paul.cnn,"In the first Snapchat interview with a U.S. lawmaker, possible 2016 presidential candidate and Republican Senator Rand Paul dishes on Hillary Clinton, drones, 2016 and what he does to unwind. "
2015-02-05 17:19:00,Why did ISIS burn pilot instead of beheading him? - CNN Video,http://www.cnn.com/videos/world/2015/02/05/tsr-todd-dnt-why-isis-burned-pilot-instead-of-beheading-him.cnn,Why did ISIS choose to kill the Jordanian pilot by burning him rather than beheading him? CNN's Brian Todd reports.
2015-02-06 16:48:00,Pilot: Shutting off wrong engine easier than you think - CNN Video,http://www.cnn.com/videos/tv/2015/02/06/lead-intv-gadzinski-transasia-engine.cnn,Commercial airline pilot Capt. John Gadzinski weighs in on reports the pilot of the Transasia crash may have shut off the wrong engine. 
2015-01-21 16:19:00,Which YouTube stars will interview Obama? - CNN Video,http://www.cnn.com/videos/politics/2015/01/21/lead-tapper-dnt-youtube-stars-obama.cnn,"President Obama will chat with three YouTube stars, who have more than 13 million YouTube subscribers combined. CNN's Jake Tapper has the story. "
2015-01-26 15:41:00,ISIS loses battle for Kobani - CNN Video,http://www.cnn.com/videos/world/2015/01/26/tsr-dnt-sciutto-isis-kobani.cnn,ISIS is calling for more attacks on the West after it suffered a major defeat on the battle field in Kobani. CNN's Jim Sciutto reports.
"1531 GMT (2331 HKT) February 6, 2015",Queen Elizabeth: 63 years in 63 seconds - CNN Video,http://edition.cnn.com/videos/tv/2015/02/06/orig-queen-elizabeth-63-years.cnn,"As Queen Elizabeth II commences her 63rd year on the throne, CNN's Max Foster looks back at her reign."
2015-02-26 18:23:00,Amy Schumer's epic response to fat shaming - CNN Video,http://www.cnn.com/videos/entertainment/2015/02/26/amy-schumer-fat-shaming-hollywood-lisas-desk-orig-mg.cnn,"In this week's Lisa's Desk episode, Lisa talks about a recent incident involving ""Trainwreck"" actress Amy Schumer, who is a size 6."
"2213 GMT (0613 HKT) February 19, 2015",'Cyclone sandwich' slams Australia's Queensland coast - CNN Video,http://edition.cnn.com/videos/world/2015/02/19/ct-australia-queensland-cyclone-sandwich.cnn,"A pair of cyclones, one with wind gusts over 200 km/hr, are wreaking havoc along Australia's Queensland coast. Meteorologist Tom Sater has the details."
2015-02-12 08:49:00,Alabama judge: This is about sexual preference - CNN Video,http://www.cnn.com/videos/us/2015/02/12/newday-same-sex-marriage-alabama-chief-justice-roy-moore.cnn,Alabama Supreme Court Chief Justice Roy Moore talks to CNN's Chris Cuomo about his order for a ban on same-sex marriage licenses.
2015-02-20 19:57:00,"Hospital's $1 solution to clean $30,000 superbug scope - CNN Video",http://www.cnn.com/videos/health/2015/02/21/sgmd-gupta-superbug-scope.cnn,"CNN's Dr. Sanjay Gupta explores a trouble spot when it comes to cleaning the duodenoscope behind ""nightmare"" bacteria"
2015-02-24 09:09:00,"Octopus leaps out of water, grabs crab - CNN Video",http://www.cnn.com/videos/world/2015/02/24/lkl-foster-octopus-crab-battle.cnn,CNN's Max Foster asks Isa Soares who do you think would win a battle between an octopus and a crab. Watch and see the answer.
2015-03-03 16:57:00,Report: Clinton had no official State Dept. email address - CNN Video,http://www.cnn.com/videos/politics/2015/03/03/lead-dnt-keilar-hillary-clinton-emails.cnn,"According to an official, Hillary Clinton used her personal email instead of a State Department account while serving as Secretary of State. Brianna Keilar reports."
2015-02-25 16:09:00,Opinion: Poverty on 'my side' of Silicon Valley - CNN Video,http://www.cnn.com/videos/opinions/2015/02/25/change-the-list-poverty-my-side-sutter-orig-ba.cnn,"At 16, Jorge Valencia sees life in Silicon Valley as a daily struggle."
2015-03-02 07:24:00,"Skydiver has midair seizure, can't pull cord - CNN Video",http://www.cnn.com/videos/world/2015/03/02/newday-skydiver-midair-seizure.cnn,A skydiving student in Australia suffered from a seizure in midair.
2015-02-19 14:32:00,Startup lets you hire someone to do just about anything - CNN Video,http://www.cnn.com/videos/tech/2015/02/19/instant-startups-thumbtack-orig-ms.cnn,"From house cleaning to guitar lessons, this startup connects you with pros who can get the job done. Check out more Instant Startups."
2015-03-03 10:24:00,Netanyahu: Iran's founding document pledges 'death' - CNN Video,http://www.cnn.com/videos/world/2015/03/03/sot-netanyahu-speech-congress-iran-founding-document.cnn,Israeli Prime Minister Benjamin Netanyahu addresses a joint meeting of Congress to voice his concerns about negotiations with Iran over its nuclear program.
2015-02-02 16:50:00,U.S. considering options to arm Ukraine  - CNN Video,http://www.cnn.com/videos/world/2015/02/02/tsr-dnt-kosinski-us-considering-options-on-ukraine.cnn,The White House and other top officials are considering all the options to help Ukraine in its fight against separatist rebels. CNN's Michelle Kosinski has more. 
2015-03-05 18:03:00,Meet 'Hulk' the giant pit bull - CNN Video,http://www.cnn.com/videos/us/2015/03/05/pkg-moos-giant-pit-bull.cnn,Meet THIS incredible Hulk - a 175-pound pit bull!  CNN's Jeanne Moos reports on this gentle giant turned media darling.
2015-01-23 14:33:00,Group spots rare predator in river - CNN Video,http://www.cnn.com/videos/world/2015/01/23/pkg-orig-group-spots-rare-black-jaguar.wwf,The CEO for the World Wildlife Fund spotted a rare black jaguar in Brazil's Juruena National Park.
2015-01-23 14:33:00,Group spots rare predator in river - CNN Video,http://www.cnn.com/videos/world/2015/01/23/pkg-orig-group-spots-rare-black-jaguar.wwf,The CEO for the World Wildlife Fund spotted a rare black jaguar in Brazil's Juruena National Park.
2015-02-03 19:57:00,Why is there conflict in Ukraine? - CNN Video,http://www.cnn.com/videos/tv/2015/02/04/orig-cnn-ukraine-conflict-war-npw-cm.cnn,CNN's Nick Paton Walsh explains the violent turmoil in Ukraine. 
2015-02-05 17:54:00,Jury to visit Hernandez home and crime scene - CNN Video,http://www.cnn.com/videos/us/2015/02/05/erin-dnt-candiotti-aaron-hernandez-trial-jury-tour.cnn,The jury in the trial of Aaron Hernandez will tour his home and the crime scene where Odin Lloyd's body was found. 
2015-01-20 15:01:00,Choose your news with CNNgo - CNN Video,http://www.cnn.com/videos/tv/2015/01/20/cnngo-explainer.cnn-promos,"Catch up to what you want, when and where you want on CNNgo. "
2015-01-19 16:17:00,Obama's promises: Has he kept his word? - CNN Video,http://www.cnn.com/videos/politics/2015/01/19/obama-sotu-legacy.cnn,"Obama has made promises on economic growth, immigration reform, Gitmo and foreign policy. Of these promises, which has he delivered? Watch to learn more. "
2015-01-19 14:55:00,Former Navy SEAL: Moore is trying to stir the pot - CNN Video,http://www.cnn.com/videos/us/2015/01/19/nr-bts-courtley-michael-moore-sniper-comment-controversy.cnn,"Former U.S. Navy SEAL Cade Courtley speaks about the life of his friend and sniper Chris Kyle, rebuking Michael Moore who labeled snipers as ""cowards."""
2015-01-22 09:40:00,Belichick: 'I had no knowledge' of football deflation - CNN Video,http://www.cnn.com/videos/sports/2015/01/22/bts-belichick-i-had-no-knowledge-football-deflation-patriots.whdh,New England Patriots head coach Bill Belichick says he had no knowledge of the footballs being under-inflated when the Patriots beat the Colts in the AFC Championship. 
2015-01-19 22:52:00,Kaleb Whitby: The first thing I did was gasp - CNN Video,http://www.cnn.com/videos/tv/2015/01/20/ac-surviving-chain-reaction-car-crash.cnn,His pickup truck was sandwiched between two semis in the middle of a 26-car pileup. Kaleb Whitby tells Anderson Cooper how he survived.
2015-01-27 10:28:00,CNN is now on Snapchat! - CNN Video,http://www.cnn.com/videos/us/2015/01/27/orig-cnn-joins-snapchat-npr.cnn,"Don't miss out on your daily dose of news, videos and fun facts. Snap and share CNN stories today."
2015-01-29 16:48:00,Dad wants to ban unvaccinated kids from son's school - CNN Video,http://www.cnn.com/videos/us/2015/01/29/erin-dnt-simon-measles-dad-leukemia-school-ban.cnn,A father wants to protect his son with leukemia by banning unvaccinated children at his son's school. CNN's Dan Simon reports. 
2015-01-30 11:52:00,Powerful new 'mega-rocket' unveiled - CNN Video,http://www.cnn.com/videos/us/2015/01/30/orig-crane-spacex-rocket-of-the-future.cnn,"Before they release plans for their Mars Colonial Transporter, SpaceX is showing --what they say-- is the rocket of the future. CNN's Rachel Crane reports. "
2015-02-02 12:18:00,Looking to donate? You have a lot of options   - CNN Video,http://www.cnn.com/videos/tv/2015/02/02/exp-iyw-charity-explainer.cnn,Charity these days can mean many things.  Chris Cuomo breaks down your options when you're looking to donate.
2015-02-01 08:11:00,This video is no longer available - CNN Video,http://www.cnn.com/videos/tv/2015/02/01/the-lost-footage-of-super-bowl-i.cnn,This video is no longer available. We apologize for the inconvenience.
2015-02-02 06:47:00,Peter Greste's mother jokes she'll 'give him a whack!' - CNN Video,http://www.cnn.com/videos/world/2015/02/02/intv-amanpour-peter-juris-lois-greste-sot.cnn,"After more than a year in an Egyptian jail, journalist Peter Greste was freed. His parents are elated, as they tell CNN's Christiane Amanpour."
2015-02-02 14:31:00,"800 years old, the Magna Carta rings as true as ever - CNN Video",http://www.cnn.com/videos/world/2015/02/02/pkg-amanpour-magna-carta-iaw.cnn,It started as a failed feudal peace treaty ... and ended up a cornerstone of today's freedoms. Christiane Amanpour has more.
2015-01-27 16:22:00,Snow blankets Boston after blizzard - CNN Video,http://www.cnn.com/videos/weather/2015/01/27/lead-dnt-baldwin-boston-weather-wrap.cnn-ap,Parts of Boston were covered in almost a foot of snow and there may be more to come. CNN's Brooke Baldwin has more. 
2015-02-23 13:07:00,Will anti-Semitism in Europe cause Jews to leave? - CNN Video,http://www.cnn.com/videos/tv/2015/02/23/exp-erin-intv-efune-should-jews-leave-europe.cnn,Erin Burnett speaks with Dovid Efune about anti-semitism in Europe and whether recent attacks against synagogues would prompt Jews to leave.
2015-02-10 15:44:00,How vaccines stop diseases like measles - CNN Video,http://www.cnn.com/videos/video-landing/2015/02/10/how-vaccines-work-measles-mumps-rubella-mmr-elizabeth-cohen-orig-cfb.cnn,"Elizabeth Cohen breaks down how vaccines work, why they keep us safe and why they're more effective when everyone gets them."
2015-01-29 20:07:00,Why won't Kevin Costner reveal his Super Bowl pick? - CNN Video,http://www.cnn.com/videos/tv/2015/01/30/cnn-tonight-kevin-costner-green-room.cnn,"Kevin Costner joins Jason Kurtz in the Green Room to discuss his interview with Don Lemon, his film ""Black or White,"" and why no one wants his Super Bowl prediction"
2015-02-27 11:28:00,Is there a Hawaii without hotels? - CNN Video,http://www.cnn.com/videos/us/2015/02/27/wonder-list-skype-orig-bill-weir.cnn,"The island nation of Vanuatu has all the trappings of paradise, without the luxury hotels and resorts (for now).  Bill Weir caught up with guide and photojournalist, Jimmy Nelson, to look back at their extraordinary experiences on these extraordinary islands.   "
2015-02-23 18:55:00,University students hospitalized after taking Molly  - CNN Video,http://www.cnn.com/videos/health/2015/02/23/erin-casarez-wesleyan-university-students-hospitalized-molly.cnn,"Ten Wesleyan University students and two visitors were hospitalized from ""complications"" arising from the use of the drug Molly. CNN's Jean Casarez reports."
2015-01-29 13:00:00,Hambycast: Searching for freedom in Iowa - CNN Video,http://www.cnn.com/videos/politics/2015/01/29/hambycast-searching-for-freedom-in-iowa.cnn,"Iowa's conservative ring-master Steve King hosted the first annual ""Freedom Summit,"" a chance for presidential contenders and pretenders to impress the state's fickle conservative movement. We sat through 10 hours of speeches so you don't have to. "
2015-02-09 18:12:00,CNN Quiz Show Presidents Edition Trailer - CNN Video,http://www.cnn.com/videos/tv/2015/02/09/cnn-quiz-show-presidents-edition-team-trailer.cnn-creative-marketing,"Three teams of CNN anchors battle it out for charity in a wild quiz show that tests their knowledge of Presidential trivia! Presidents Day, Monday 9p ET/PT"
2015-02-01 09:52:00,McCain doesn't regret calling protesters 'lowlife scum' - CNN Video,http://www.cnn.com/videos/tv/2015/02/01/sotu-dana-bash-john-mccain-calling-protestors-lowlife-scum.cnn,"Sen. John McCain says he doesn't regret calling protesters ""lowlife scum"" at a hearing and says they are ""terrible people"" for threatening Henry Kissinger."
2015-01-26 20:00:00,How zoo animals survive a blizzard   - CNN Video,http://www.cnn.com/videos/weather/2015/01/27/pkg-how-zoo-animals-survive-a-blizzard.cnn,The heads of two Northeast zoos explain how they keep their animals safe during extreme weather conditions. 
2015-02-05 17:45:00,Plane crashes caught on camera provide vital clues - CNN Video,http://www.cnn.com/videos/us/2015/02/05/erin-dnt-foreman-plane-crashes-caught-on-tape.cnn,CNN's Tom Foreman looks at the rise of video of plane crashes and the help they can provide. 
2015-02-19 16:10:00,BeyoncÃ©'s leaked photos: What's the big deal? - CNN Video,http://www.cnn.com/videos/tv/2015/02/19/orig-elbagir-beyonce-loreal-unretouched-photos.cnn,CNN's Nima Elbagir explores the controversy surrounding unretouched photos of the famous pop singer.
2015-02-12 10:36:00,Victoria's Secret angels inspired space suits? - CNN Video,http://www.cnn.com/videos/us/2015/02/12/pkg-victorias-secret-angels-space-suit-orig.cnn,"One fashion designer responsible for some of the wings worn by the Victoria's Secret ""angels"" is the co-designer of a spacesuit for NASA.  "
2015-02-10 16:27:00,Who is Nick Gordon? - CNN Video,http://www.cnn.com/videos/entertainment/2015/02/10/ac-dnt-kaye-nick-gordon-profile.cnn,Randi Kaye takes a closer look at Bobbi Kristina's boyfriend Nick Gordon after the daughter of the late Whitney Houston was found unresponsive in a bathtub.
2015-03-03 11:35:00,Netanyahu: This is what the Iran deal should be - CNN Video,http://www.cnn.com/videos/world/2015/03/03/sot-netanyahu-speech-congress-iran-deal-should-be.cnn,Israeli Prime Minister Benjamin Netanyahu addresses a joint meeting of Congress to voice how he feels negotiations with Iran over its nuclear program should go.
2015-02-02 23:37:00,This video is no longer available - CNN Video,http://www.cnn.com/videos/sports/2015/02/03/cnn-tonight-marquez-nfl-olivia-pope.cnn,This video is no longer available. We apologize for the inconvenience.
2015-02-10 15:44:00,How vaccines stop diseases like measles - CNN Video,http://www.cnn.com/videos/video-landing/2015/02/10/how-vaccines-work-measles-mumps-rubella-mmr-elizabeth-cohen-orig-cfb.cnn,"Elizabeth Cohen breaks down how vaccines work, why they keep us safe and why they're more effective when everyone gets them."
