src,filename
nyt,17FIo3T%0D
nyt,17Yh0Pe%0D
nyt,1803lHg%0D
nyt,18euQwC%0D
nyt,18gBYIN%0D
nyt,18gfYih%0D
nyt,18lOKa6%0D
nyt,18uvJ5q%0D
nyt,18xS6Ww%0D
nyt,19LY73f%0D
nyt,19xT863%0D
nyt,1a2GQCY%0D
nyt,1A68YP9%0D
nyt,1A6CLHv%0D
nyt,1A7FMaB%0D
nyt,1A9Jpgh%0D
nyt,1aHlA6f%0D
nyt,1Akf0Ml%0D
nyt,1AkiFtr%0D
nyt,1AkJAFp%0D
nyt,1Akona4%0D
nyt,1AL7NVP%0D
nyt,1AlffGZ%0D
nyt,1AnKTU2%0D
nyt,1ARifX5%0D
nyt,1aRpCJ7%0D
nyt,1ASFBjY%0D
nyt,1AWSd9M%0D
nyt,1B3BVvX%0D
nyt,1B41mO0%0D
nyt,1BaDPwg%0D
nyt,1BKI9mo%0D
nyt,1BKJM3s%0D
nyt,1C1WF9s%0D
nyt,1CIpZi2%0D
nyt,1CMqri4%0D
nyt,1CRNJmO%0D
nyt,1CWN6Dp%0D
nyt,1CZQSRB%0D
nyt,1D0Hec1%0D
nyt,1D0RHUX%0D
nyt,1D0tmyJ%0D
nyt,1D1iFvO%0D
nyt,1D1N9O5%0D
nyt,1D9JcJX%0D
nyt,1D9lHk0%0D
nyt,1D9Scyu%0D
nyt,1D9SNR1%0D
nyt,1D9tQoH%0D
nyt,1DAvZtT%0D
nyt,1Db1hHx%0D
nyt,1Db1QRG%0D
nyt,1DBesBQ%0D
nyt,1DfaKO6%0D
nyt,1DfDvdv%0D
nyt,1DIf4rF%0D
nyt,1DIhwi6%0D
nyt,1DiRY5Z%0D
nyt,1DkhjfN%0D
nyt,1DPWYBK%0D
nyt,1E78ycY%0D
nyt,1EbsHhU%0D
nyt,1EGANxn%0D
nyt,1EGJhVj%0D
nyt,1EH2bv1%0D
nyt,1EJrs7Z%0D
nyt,1ElWpBg%0D
nyt,1Ely4eD%0D
nyt,1FhnzHi%0D
nyt,1FMES6L%0D
nyt,1FMSZJt%0D
nyt,1FNsTG0%0D
nyt,1G1J9zZ%0D
nyt,1G3IoHp%0D
nyt,1G6UXSi%0D
nyt,1GCgRje%0D
nyt,1GiUDQs%0D
nyt,1GjSljY%0D
nyt,1GTX6kt%0D
nyt,1JwL3ij%0D
nyt,1LA8UJE%0D
nyt,1LcYCio%0D
nyt,1LssozJ%0D
nyt,1LtdmK9%0D
nyt,1vqAmHD%0D
nyt,1vqMbgV%0D
nyt,1vsV7SV%0D
nyt,1w1yHc2%0D
nyt,1wBRW6D%0D
nyt,1wTBDIi%0D
nyt,1wWgHQN%0D
nyt,1zONQbf%0D
nyt,1zSsutU%0D
nyt,1zvXHUF%0D
nyt,1zWRkJ8%0D
nyt,305199972.html_pageNumber=1&zoom=15%0D
nyt,77071765.html_pageNumber=1%0D
nyt,84723148.html_pageNumber=1&zoom=16%0D
nyt,91290697.html_pageNumber=173%0D
nyt,review_res=9C0CEFDB103BF937A35755C0A964948260%0D
cnn,%0D
cnn,%0D.1
cnn,179dm4t%0D
cnn,17LZ9e9%0D
cnn,17M0qlx%0D
cnn,17M0qlx%0D.1
cnn,17Mejjy%0D
cnn,17swqeq%0D
cnn,18kcf3j%0D
cnn,18lFmDm%0D
cnn,18vkidb%0D
cnn,18vkidb%0D.1
cnn,18yv4Ps%0D
cnn,19FwJUo%0D
cnn,19nbEy7%0D
cnn,1AG3qwu%0D
cnn,1AgX6Mg%0D
cnn,1aIFk9r%0D
cnn,1aLGCR3%0D
cnn,1ANoDoQ%0D
cnn,1ArZj5P%0D
cnn,1aWD66o%0D
cnn,1AyxLHi%0D
cnn,1AZE3Vd%0D
cnn,1B4GXcG%0D
cnn,1B5ulzh%0D
cnn,1B5XSsD%0D
cnn,1B7vxCj%0D
cnn,1BDfazi%0D
cnn,1BeCuBN%0D
cnn,1BF1QKA%0D
cnn,1BIyZW3%0D
cnn,1BUYvCU%0D
cnn,1BYW4Vq%0D
cnn,1BZskF8%0D
cnn,1CEbFKr%0D
cnn,1CfrCo5%0D
cnn,1CfrCo5%0D.1
cnn,1CN7b0p%0D
cnn,1CqiHCs%0D
cnn,1D1qKWv%0D
cnn,1DfJaxz%0D
cnn,1DXJLro%0D
cnn,1E8RoJQ%0D
cnn,1EdDvMh%0D
cnn,1EHBfh7%0D
cnn,1EhtGhW%0D
cnn,1EhVK1c%0D
cnn,1EqTIzb%0D
cnn,1EsL5Dn%0D
cnn,1EUDStU%0D
cnn,1ExIwzB%0D
cnn,1FA8fJn%0D
cnn,1FbBeQo%0D
cnn,1FbjEvZ%0D
cnn,1FnaLm9%0D
cnn,1FqpWrq%0D
cnn,1FXrtJe%0D
cnn,1GPpWCF%0D
cnn,1GTJZQf%0D
cnn,1GTOkTH%0D
cnn,1J7ZnNW%0D
cnn,1JWjcbe%0D
cnn,1KuKF48%0D
cnn,1Kuxr7w%0D
cnn,1KWQNjl%0D
cnn,1L7qZOR%0D
cnn,1LFiXwN%0D
cnn,1LGmCfX%0D
cnn,1LJi3l3%0D
cnn,1M9Yrop%0D
cnn,1Mck35l%0D
cnn,1MSvdO2%0D
cnn,1Mvd7BD%0D
cnn,1MVQFBL%0D
cnn,1NFy1P3%0D
cnn,1NrLoCe%0D
cnn,1udglyj%0D
cnn,1ure1tf%0D
cnn,1vA6PWv%0D
cnn,1vD8rEi%0D
cnn,1vXVKo6%0D
cnn,1wcfRPi%0D
cnn,1weg193%0D
cnn,1wlioXn%0D
cnn,1wqruSJ%0D
cnn,1wZSx2h%0D
cnn,1x9CizG%0D
cnn,1yHK6Iz%0D
cnn,1yNCqEH%0D
cnn,1yt5XTR%0D
cnn,1zbJhI5%0D
cnn,1ztXstg%0D
cnn,1zZ0jdT%0D
cnn,cnn%0D
cnn,CNN%0D.1
cnn,CNN%0D.2
cnn,cnnpolitics%0D
cnn,mobile%0D
cnn,pulse%0D
cnn,pulse%0D.1
cnn,pulse%0D.1.1
cnn,pulse%0D.1.2
cnn,pulse%0D.2
